"name","version","build","channel"
"_libgcc_mutex","0.1",,"conda-forge"
"_openmp_mutex","4.5",,"conda-forge"
"absl-py","2.3.1",,"conda-forge"
"alsa-lib","1.2.14",,"conda-forge"
"anndata","0.10.8",,"conda-forge"
"anyio","4.11.0",,"pypi"
"aom","3.14.1",,"conda-forge"
"appdirs","1.4.4",,"pypi"
"argon2-cffi","25.1.0",,"pypi"
"argon2-cffi-bindings","25.1.0",,"pypi"
"array-api-compat","1.11.2",,"conda-forge"
"arrow","1.3.0",,"pypi"
"asttokens","3.0.0",,"conda-forge"
"async-lru","2.0.5",,"pypi"
"attr","2.5.2",,"conda-forge"
"attrs","25.3.0",,"pypi"
"babel","2.17.0",,"pypi"
"beautifulsoup4","4.14.2",,"pypi"
"biofluff","3.0.4",,"pypi"
"biopython","1.85",,"pypi"
"biothings-client","0.4.1",,"pypi"
"bleach","6.2.0",,"pypi"
"blosc","1.21.6",,"conda-forge"
"brotli","1.1.0",,"conda-forge"
"brotli-bin","1.1.0",,"conda-forge"
"brotli-python","1.0.9",,"conda-forge"
"bzip2","1.0.8",,"conda-forge"
"c-ares","1.34.5",,"conda-forge"
"ca-certificates","2026.7.22",,"conda-forge"
"cached-property","1.5.2",,"conda-forge"
"cached_property","1.5.2",,"conda-forge"
"cairo","1.18.4",,"conda-forge"
"celloracle","0.20.0",,"pypi"
"cellrank","2.0.7",,"conda-forge"
"certifi","2025.8.3",,"conda-forge"
"cffi","2.0.0",,"pypi"
"charset-normalizer","3.4.3",,"conda-forge"
"chex","0.1.86",,"conda-forge"
"click","8.1.8",,"conda-forge"
"colorama","0.4.6",,"conda-forge"
"comm","0.2.3",,"conda-forge"
"configparser","7.2.0",,"pypi"
"contextlib2","21.6.0",,"conda-forge"
"contourpy","1.3.0",,"conda-forge"
"cpython","3.9.23",,"conda-forge"
"cuda-crt-tools","12.9.86",,"conda-forge"
"cuda-cudart","12.9.79",,"conda-forge"
"cuda-cudart_linux-64","12.9.79",,"conda-forge"
"cuda-cuobjdump","12.9.82",,"conda-forge"
"cuda-cupti","12.9.79",,"conda-forge"
"cuda-nvcc-tools","12.9.86",,"conda-forge"
"cuda-nvdisasm","12.9.88",,"conda-forge"
"cuda-nvrtc","12.9.86",,"conda-forge"
"cuda-nvtx","12.9.79",,"conda-forge"
"cuda-nvvm-tools","12.9.86",,"conda-forge"
"cuda-version","12.9",,"conda-forge"
"cudnn","9.10.2.21",,"conda-forge"
"cusparselt","0.7.0.0",,"conda-forge"
"cycler","0.12.1",,"conda-forge"
"cyrus-sasl","2.1.28",,"conda-forge"
"cython","3.1.4",,"pypi"
"dav1d","1.2.1",,"conda-forge"
"dbus","1.16.2",,"conda-forge"
"debugpy","1.8.17",,"pypi"
"decorator","5.2.1",,"conda-forge"
"defusedxml","0.7.1",,"pypi"
"diskcache","5.6.3",,"pypi"
"dnspython","2.7.0",,"conda-forge"
"docopt-ng","0.9.0",,"pypi"
"docrep","0.3.2",,"conda-forge"
"double-conversion","3.3.1",,"conda-forge"
"et_xmlfile","2.0.0",,"conda-forge"
"etils","1.5.1",,"conda-forge"
"exceptiongroup","1.3.0",,"conda-forge"
"executing","2.2.1",,"pypi"
"fa2-modified","0.3.10",,"pypi"
"fastjsonschema","2.21.2",,"pypi"
"feather-format","0.4.1",,"pypi"
"fftw","3.3.10",,"conda-forge"
"filelock","3.19.1",,"conda-forge"
"flax","0.8.5",,"conda-forge"
"font-ttf-dejavu-sans-mono","2.37",,"conda-forge"
"font-ttf-inconsolata","3.000",,"conda-forge"
"font-ttf-source-code-pro","2.038",,"conda-forge"
"font-ttf-ubuntu","0.83",,"conda-forge"
"fontconfig","2.15.0",,"conda-forge"
"fonts-conda-ecosystem","1",,"conda-forge"
"fonts-conda-forge","1",,"conda-forge"
"fonttools","4.60.1",,"pypi"
"fqdn","1.5.1",,"pypi"
"freetype","2.14.1",,"conda-forge"
"fsspec","2025.7.0",,"conda-forge"
"ftpretty","0.4.0",,"pypi"
"future","1.0.0",,"conda-forge"
"genomepy","0.16.3",,"pypi"
"get-annotations","0.1.2",,"conda-forge"
"gimmemotifs","0.17.2",,"pypi"
"gmp","6.3.0",,"conda-forge"
"gmpy2","2.2.1",,"conda-forge"
"goatools","1.5.2",,"pypi"
"graphite2","1.3.14",,"conda-forge"
"h11","0.16.0",,"pypi"
"h2","4.2.0",,"conda-forge"
"h5py","3.13.0",,"conda-forge"
"harfbuzz","11.4.5",,"conda-forge"
"hdf5","1.14.3",,"conda-forge"
"hpack","4.1.0",,"conda-forge"
"htseq","2.0.9",,"pypi"
"httpcore","1.0.9",,"pypi"
"httpx","0.28.1",,"pypi"
"hyperframe","6.1.0",,"conda-forge"
"hyperopt","0.1.2",,"conda-forge"
"hypre","2.31.0",,"conda-forge"
"icu","75.1",,"conda-forge"
"idna","3.10",,"pypi"
"igraph","0.11.9",,"pypi"
"importlib-metadata","8.7.0",,"conda-forge"
"importlib-resources","6.5.2",,"conda-forge"
"importlib_metadata","8.7.0",,"conda-forge"
"importlib_resources","6.5.2",,"conda-forge"
"ipykernel","6.30.1",,"conda-forge"
"ipython","8.18.1",,"conda-forge"
"ipywidgets","8.1.7",,"pypi"
"isoduration","20.11.0",,"pypi"
"iteround","1.0.4",,"pypi"
"jax","0.4.27",,"conda-forge"
"jaxlib","0.4.25",,"pkgs/main"
"jedi","0.19.2",,"conda-forge"
"jinja2","3.1.6",,"conda-forge"
"joblib","1.5.2",,"pypi"
"json5","0.12.1",,"pypi"
"jsonpointer","3.0.0",,"pypi"
"jsonschema","4.25.1",,"pypi"
"jsonschema-specifications","2025.9.1",,"pypi"
"jupyter","1.1.1",,"pypi"
"jupyter-console","6.6.3",,"pypi"
"jupyter-events","0.12.0",,"pypi"
"jupyter-lsp","2.3.0",,"pypi"
"jupyter-server","2.17.0",,"pypi"
"jupyter-server-terminals","0.5.3",,"pypi"
"jupyter_client","8.6.3",,"conda-forge"
"jupyter_core","5.8.1",,"conda-forge"
"jupyterlab","4.4.9",,"pypi"
"jupyterlab-pygments","0.3.0",,"pypi"
"jupyterlab-server","2.27.3",,"pypi"
"jupyterlab-widgets","3.0.15",,"pypi"
"keyutils","1.6.3",,"conda-forge"
"kiwisolver","1.4.7",,"conda-forge"
"krb5","1.21.3",,"conda-forge"
"lark","1.3.0",,"pypi"
"lcms2","2.17",,"conda-forge"
"ld_impl_linux-64","2.44",,"conda-forge"
"legacy-api-wrap","1.4.1",,"pypi"
"lerc","4.0.0",,"conda-forge"
"libabseil","20240722.0",,"conda-forge"
"libaec","1.1.4",,"conda-forge"
"libamd","3.3.3",,"conda-forge"
"libavif16","1.4.2",,"conda-forge"
"libblas","3.9.0",,"conda-forge"
"libbrotlicommon","1.1.0",,"conda-forge"
"libbrotlidec","1.1.0",,"conda-forge"
"libbrotlienc","1.1.0",,"conda-forge"
"libbtf","2.3.2",,"conda-forge"
"libcamd","3.3.3",,"conda-forge"
"libcap","2.77",,"conda-forge"
"libcblas","3.9.0",,"conda-forge"
"libccolamd","3.3.4",,"conda-forge"
"libcholmod","5.3.0",,"conda-forge"
"libclang-cpp20.1","20.1.8",,"conda-forge"
"libclang13","21.1.0",,"conda-forge"
"libcolamd","3.3.4",,"conda-forge"
"libcublas","12.9.2.10",,"conda-forge"
"libcudnn","9.10.2.21",,"conda-forge"
"libcudnn-dev","9.10.2.21",,"conda-forge"
"libcudss0","0.4.0.2",,"conda-forge"
"libcufft","11.4.1.4",,"conda-forge"
"libcufile","1.14.1.1",,"conda-forge"
"libcups","2.3.3",,"conda-forge"
"libcurand","10.3.10.19",,"conda-forge"
"libcurl","8.17.0",,"conda-forge"
"libcusolver","11.7.5.82",,"conda-forge"
"libcusparse","12.5.10.65",,"conda-forge"
"libcxsparse","4.4.1",,"conda-forge"
"libdeflate","1.24",,"conda-forge"
"libdrm","2.4.125",,"conda-forge"
"libedit","3.1.20250104",,"conda-forge"
"libegl","1.7.0",,"conda-forge"
"libev","4.33",,"conda-forge"
"libevent","2.1.12",,"conda-forge"
"libexpat","2.7.1",,"conda-forge"
"libfabric","2.3.1",,"conda-forge"
"libfabric1","2.3.1",,"conda-forge"
"libffi","3.4.6",,"conda-forge"
"libfreetype","2.14.1",,"conda-forge"
"libfreetype6","2.14.1",,"conda-forge"
"libgcc","15.1.0",,"conda-forge"
"libgcc-ng","15.1.0",,"conda-forge"
"libgfortran","15.1.0",,"conda-forge"
"libgfortran-ng","15.1.0",,"conda-forge"
"libgfortran5","15.1.0",,"conda-forge"
"libgl","1.7.0",,"conda-forge"
"libglib","2.84.3",,"conda-forge"
"libglvnd","1.7.0",,"conda-forge"
"libglx","1.7.0",,"conda-forge"
"libgomp","15.1.0",,"conda-forge"
"libhwloc","2.12.1",,"conda-forge"
"libiconv","1.18",,"conda-forge"
"libjpeg-turbo","3.1.0",,"conda-forge"
"libklu","2.3.5",,"conda-forge"
"liblapack","3.9.0",,"conda-forge"
"libldl","3.3.2",,"conda-forge"
"libllvm14","14.0.6",,"conda-forge"
"libllvm20","20.1.8",,"conda-forge"
"libllvm21","21.1.0",,"conda-forge"
"liblzma","5.8.1",,"conda-forge"
"liblzma-devel","5.8.1",,"conda-forge"
"libmagma","2.8.0",,"conda-forge"
"libnghttp2","1.67.0",,"conda-forge"
"libnl","3.11.0",,"conda-forge"
"libnsl","2.0.1",,"conda-forge"
"libntlm","1.8",,"conda-forge"
"libnvjitlink","12.9.86",,"conda-forge"
"libopenblas","0.3.30",,"conda-forge"
"libopengl","1.7.0",,"conda-forge"
"libparu","1.0.0",,"conda-forge"
"libpciaccess","0.18",,"conda-forge"
"libpmix","5.0.8",,"conda-forge"
"libpng","1.6.50",,"conda-forge"
"libpq","17.6",,"conda-forge"
"libprotobuf","5.28.2",,"conda-forge"
"libptscotch","7.0.4",,"conda-forge"
"librbio","4.3.4",,"conda-forge"
"libscotch","7.0.4",,"conda-forge"
"libsodium","1.0.20",,"conda-forge"
"libspex","3.2.1",,"conda-forge"
"libspqr","4.3.4",,"conda-forge"
"libsqlite","3.50.4",,"conda-forge"
"libssh2","1.11.1",,"conda-forge"
"libstdcxx","15.1.0",,"conda-forge"
"libstdcxx-ng","15.1.0",,"conda-forge"
"libsuitesparseconfig","7.8.3",,"conda-forge"
"libsystemd0","258.2",,"conda-forge"
"libtiff","4.7.1",,"conda-forge"
"libtorch","2.5.1",,"conda-forge"
"libudev1","258.2",,"conda-forge"
"libumfpack","6.3.5",,"conda-forge"
"libuuid","2.41.2",,"conda-forge"
"libuv","1.52.1",,"conda-forge"
"libwebp-base","1.6.0",,"conda-forge"
"libxcb","1.17.0",,"conda-forge"
"libxcrypt","4.4.36",,"conda-forge"
"libxkbcommon","1.11.0",,"conda-forge"
"libxml2","2.13.8",,"conda-forge"
"libxslt","1.1.43",,"conda-forge"
"libzlib","1.3.1",,"conda-forge"
"lightning","2.5.3",,"conda-forge"
"lightning-utilities","0.15.2",,"conda-forge"
"llvmlite","0.43.0",,"pypi"
"logomaker","0.8.7",,"pypi"
"loguru","0.7.3",,"pypi"
"loompy","3.0.8",,"pypi"
"louvain","0.8.2",,"pypi"
"lz4-c","1.10.0",,"conda-forge"
"markdown-it-py","3.0.0",,"conda-forge"
"markupsafe","3.0.3",,"pypi"
"matplotlib","3.6.3",,"pypi"
"matplotlib-inline","0.1.7",,"conda-forge"
"matplotlib-venn","1.1.2",,"conda-forge"
"mdurl","0.1.2",,"conda-forge"
"metis","5.1.0",,"conda-forge"
"mistune","3.1.4",,"pypi"
"ml-collections","0.1.1",,"conda-forge"
"ml_dtypes","0.5.1",,"conda-forge"
"mpc","1.3.1",,"conda-forge"
"mpfr","4.2.1",,"conda-forge"
"mpi","1.0.1",,"conda-forge"
"mpi4py","4.1.0",,"conda-forge"
"mpmath","1.3.0",,"conda-forge"
"msgpack-python","1.1.1",,"conda-forge"
"mudata","0.2.4",,"conda-forge"
"multipledispatch","0.6.0",,"conda-forge"
"mumps-include","5.7.3",,"conda-forge"
"mumps-mpi","5.7.3",,"conda-forge"
"munkres","1.1.4",,"conda-forge"
"mygene","3.2.2",,"pypi"
"mysql-connector-python","8.4.0",,"pypi"
"natsort","8.4.0",,"conda-forge"
"nbclient","0.10.2",,"pypi"
"nbconvert","7.16.6",,"pypi"
"nbformat","5.10.4",,"pypi"
"nccl","2.30.7.1",,"conda-forge"
"ncurses","6.5",,"conda-forge"
"nest-asyncio","1.6.0",,"conda-forge"
"networkx","3.2.1",,"conda-forge"
"nomkl","1.0",,"conda-forge"
"notebook","7.4.7",,"pypi"
"notebook-shim","0.2.4",,"pypi"
"numba","0.60.0",,"conda-forge"
"numpy","1.26.4",,"conda-forge"
"numpy_groupies","0.11.3",,"conda-forge"
"numpyro","0.19.0",,"conda-forge"
"openjpeg","2.5.4",,"conda-forge"
"openldap","2.6.10",,"conda-forge"
"openmpi","5.0.8",,"conda-forge"
"openpyxl","3.1.5",,"conda-forge"
"openssl","3.6.3",,"conda-forge"
"opt-einsum","3.4.0",,"conda-forge"
"opt_einsum","3.4.0",,"conda-forge"
"optax","0.2.2",,"conda-forge"
"optree","0.17.0",,"conda-forge"
"orbax-checkpoint","0.4.4",,"conda-forge"
"overrides","7.7.0",,"pypi"
"packaging","25.0",,"conda-forge"
"palettable","3.3.3",,"pypi"
"pandas","1.5.3",,"pypi"
"pandocfilters","1.5.1",,"pypi"
"parmetis","4.0.3",,"conda-forge"
"parso","0.8.5",,"pypi"
"patsy","1.0.1",,"conda-forge"
"pcre2","10.45",,"conda-forge"
"petsc","3.21.5",,"conda-forge"
"petsc4py","3.21.5",,"conda-forge"
"pexpect","4.9.0",,"conda-forge"
"pickleshare","0.7.5",,"conda-forge"
"pillow","11.3.0",,"conda-forge"
"pip","25.2",,"conda-forge"
"pixman","0.46.4",,"conda-forge"
"platformdirs","4.4.0",,"pypi"
"progressbar2","4.5.0",,"conda-forge"
"prometheus-client","0.23.1",,"pypi"
"prompt-toolkit","3.0.52",,"pypi"
"protobuf","5.28.2",,"conda-forge"
"psutil","7.1.0",,"pypi"
"pthread-stubs","0.4",,"conda-forge"
"ptyprocess","0.7.0",,"conda-forge"
"pure_eval","0.2.3",,"conda-forge"
"pyarrow","21.0.0",,"pypi"
"pybedtools","0.12.0",,"pypi"
"pybigwig","0.3.24",,"pypi"
"pybind11","2.13.6",,"conda-forge"
"pybind11-abi","4",,"conda-forge"
"pybind11-global","2.13.6",,"conda-forge"
"pycparser","2.23",,"pypi"
"pydot","4.0.1",,"pypi"
"pyfaidx","0.9.0.3",,"pypi"
"pygam","0.9.1",,"conda-forge"
"pygments","2.19.2",,"conda-forge"
"pygpcca","1.0.4",,"conda-forge"
"pymongo","4.13.2",,"conda-forge"
"pynndescent","0.5.13",,"conda-forge"
"pyparsing","3.2.5",,"pypi"
"pyro-api","0.1.2",,"conda-forge"
"pyro-ppl","1.9.1",,"conda-forge"
"pysam","0.23.3",,"pypi"
"pyside6","6.9.1",,"conda-forge"
"pysocks","1.7.1",,"conda-forge"
"python","3.9.23",,"conda-forge"
"python-dateutil","2.9.0.post0",,"conda-forge"
"python-json-logger","3.3.0",,"pypi"
"python-tzdata","2025.2",,"conda-forge"
"python-utils","3.9.1",,"conda-forge"
"python_abi","3.9",,"conda-forge"
"pytorch","2.5.1",,"conda-forge"
"pytorch-lightning","2.5.3",,"conda-forge"
"pytz","2025.2",,"conda-forge"
"pyyaml","6.0.3",,"pypi"
"pyzmq","27.1.0",,"pypi"
"qhull","2020.2",,"conda-forge"
"qnorm","0.9.0",,"pypi"
"qt6-main","6.9.1",,"conda-forge"
"rav1e","0.8.1",,"conda-forge"
"rdma-core","60.0",,"conda-forge"
"readline","8.2",,"conda-forge"
"referencing","0.36.2",,"pypi"
"requests","2.32.5",,"conda-forge"
"rfc3339-validator","0.1.4",,"pypi"
"rfc3986-validator","0.1.1",,"pypi"
"rfc3987-syntax","1.1.0",,"pypi"
"rich","14.1.0",,"conda-forge"
"rpds-py","0.27.1",,"pypi"
"scalapack","2.2.0",,"conda-forge"
"scanpy","1.10.3",,"conda-forge"
"scikit-learn","1.6.1",,"conda-forge"
"scipy","1.13.1",,"conda-forge"
"scvelo","0.3.3",,"conda-forge"
"scvi-tools","1.1.6.post2",,"conda-forge"
"seaborn","0.13.2",,"conda-forge"
"seaborn-base","0.13.2",,"conda-forge"
"send2trash","1.8.3",,"pypi"
"session-info","1.0.1",,"pypi"
"setuptools","80.9.0",,"pypi"
"six","1.17.0",,"conda-forge"
"sleef","3.9.0",,"conda-forge"
"slepc","3.21.2",,"conda-forge"
"slepc4py","3.21.2",,"conda-forge"
"snappy","1.2.2",,"conda-forge"
"sniffio","1.3.1",,"conda-forge"
"soupsieve","2.8",,"pypi"
"sparse","0.15.5",,"conda-forge"
"stack_data","0.6.3",,"conda-forge"
"statsmodels","0.14.5",,"conda-forge"
"stdlib-list","0.11.1",,"conda-forge"
"suitesparse","7.8.3",,"conda-forge"
"superlu","7.0.1",,"conda-forge"
"superlu_dist","9.1.0",,"conda-forge"
"svt-av1","4.2.0",,"conda-forge"
"sympy","1.14.0",,"conda-forge"
"tbb","2022.3.0",,"conda-forge"
"tensorstore","0.1.65",,"conda-forge"
"terminado","0.18.1",,"pypi"
"texttable","1.7.0",,"pypi"
"threadpoolctl","3.6.0",,"conda-forge"
"tinycss2","1.4.0",,"pypi"
"tk","8.6.13",,"conda-forge"
"tomli","2.2.1",,"pypi"
"toolz","1.0.0",,"conda-forge"
"torchmetrics","1.8.2",,"conda-forge"
"tornado","6.5.2",,"conda-forge"
"tqdm","4.67.1",,"conda-forge"
"traitlets","5.14.3",,"conda-forge"
"triton","3.2.0",,"conda-forge"
"types-python-dateutil","2.9.0.20250822",,"pypi"
"typing-extensions","4.15.0",,"pypi"
"tzdata","2025b",,"conda-forge"
"ucc","1.6.0",,"conda-forge"
"ucx","1.19.0",,"conda-forge"
"umap-learn","0.5.9.post2",,"conda-forge"
"unicodedata2","16.0.0",,"conda-forge"
"uri-template","1.3.0",,"pypi"
"urllib3","2.5.0",,"conda-forge"
"velocyto","0.17.17",,"pypi"
"wayland","1.24.0",,"conda-forge"
"wcwidth","0.2.14",,"pypi"
"webcolors","24.11.1",,"pypi"
"webencodings","0.5.1",,"pypi"
"websocket-client","1.8.0",,"pypi"
"wheel","0.45.1",,"conda-forge"
"widgetsnbextension","4.0.14",,"pypi"
"wrapt","1.17.3",,"conda-forge"
"xarray","2024.7.0",,"conda-forge"
"xcb-util","0.4.1",,"conda-forge"
"xcb-util-cursor","0.1.5",,"conda-forge"
"xcb-util-image","0.4.0",,"conda-forge"
"xcb-util-keysyms","0.4.1",,"conda-forge"
"xcb-util-renderutil","0.3.10",,"conda-forge"
"xcb-util-wm","0.4.2",,"conda-forge"
"xdg","6.0.0",,"pypi"
"xkeyboard-config","2.45",,"conda-forge"
"xlrd","2.0.1",,"conda-forge"
"xlsxwriter","3.2.9",,"pypi"
"xorg-libice","1.1.2",,"conda-forge"
"xorg-libsm","1.2.6",,"conda-forge"
"xorg-libx11","1.8.12",,"conda-forge"
"xorg-libxau","1.0.12",,"conda-forge"
"xorg-libxcomposite","0.4.6",,"conda-forge"
"xorg-libxcursor","1.2.3",,"conda-forge"
"xorg-libxdamage","1.1.6",,"conda-forge"
"xorg-libxdmcp","1.1.5",,"conda-forge"
"xorg-libxext","1.3.6",,"conda-forge"
"xorg-libxfixes","6.0.1",,"conda-forge"
"xorg-libxi","1.8.2",,"conda-forge"
"xorg-libxrandr","1.5.4",,"conda-forge"
"xorg-libxrender","0.9.12",,"conda-forge"
"xorg-libxtst","1.2.5",,"conda-forge"
"xorg-libxxf86vm","1.1.6",,"conda-forge"
"xxhash","3.5.0",,"pypi"
"xz","5.8.1",,"conda-forge"
"xz-gpl-tools","5.8.1",,"conda-forge"
"xz-tools","5.8.1",,"conda-forge"
"yaml","0.2.5",,"conda-forge"
"zeromq","4.3.5",,"conda-forge"
"zipp","3.23.0",,"conda-forge"
"zlib","1.3.1",,"conda-forge"
"zstandard","0.23.0",,"conda-forge"
"zstd","1.5.7",,"conda-forge"
